{
  "version": "V6.0",
  "deployed_at": "2026-06-26T20:17:41.999008Z",
  "accuracy": 0.4833333333333333,
  "log_loss": 1.035344388179983,
  "brier": 0.20773306519803456,
  "ece": 0.09120043727255636,
  "fold_std": 0.06770032003863301,
  "draw_recall": 0.21076233183856502,
  "n_matches": 890
}