{
  "version": "V6.0",
  "deployed_at": "2026-06-28T02:25:59.883298Z",
  "accuracy": 0.4288194444444444,
  "log_loss": 1.153477876590015,
  "brier": 0.22183146832628667,
  "ece": 0.12068300729193951,
  "fold_std": 0.022702598664274345,
  "draw_recall": 0.44886363636363635,
  "n_matches": 891
}