{
  "version": "V6.0",
  "deployed_at": "2026-06-30T18:12:07.599671Z",
  "accuracy": 0.484472049689441,
  "log_loss": 1.1058663572732694,
  "brier": 0,
  "ece": 0,
  "fold_std": 0,
  "draw_recall": 0,
  "n_matches": 0
}