{
  "version": "V7.0",
  "deployed_at": "2026-07-03T15:53:35.026022Z",
  "accuracy": 0.4433628318584071,
  "log_loss": 1.0634231716154912,
  "brier": 0,
  "ece": 0.08432312928202909,
  "fold_std": 0.05185870911144641,
  "draw_recall": 0.048859934853420196,
  "n_matches": 1380
}