{
  "version": "V6.0",
  "deployed_at": "2026-07-01T15:58:19.669287Z",
  "accuracy": 0.4518633540372671,
  "log_loss": 1.0859843484827676,
  "brier": 0,
  "ece": 0,
  "fold_std": 0,
  "draw_recall": 0,
  "n_matches": 0
}