{
  "version": "V6.0",
  "deployed_at": "2026-06-28T04:03:31.932303Z",
  "accuracy": 0.4409722222222222,
  "log_loss": 1.1538469357712344,
  "brier": 0.2220377424220094,
  "ece": 0.12115740994563312,
  "fold_std": 0.026670644957877125,
  "draw_recall": 0.20454545454545456,
  "n_matches": 891
}