{
  "version": "V6.0",
  "deployed_at": "2026-06-28T02:59:47.585046Z",
  "accuracy": 0.4444444444444444,
  "log_loss": 1.153477876590015,
  "brier": 0.22183146832628667,
  "ece": 0.12068300729193951,
  "fold_std": 0.020833333333333343,
  "draw_recall": 0.21022727272727273,
  "n_matches": 891
}