{
  "version": "V6.0",
  "deployed_at": "2026-06-28T10:23:59.268405Z",
  "accuracy": 0.4375,
  "log_loss": 1.0814837303380564,
  "brier": 0.21526211598169923,
  "ece": 0.10681711525175981,
  "fold_std": 0.044466140537728106,
  "draw_recall": 0.017045454545454544,
  "n_matches": 891
}