{
  "version": "V6.0",
  "deployed_at": "2026-06-28T16:39:00.206986Z",
  "accuracy": 44.1,
  "log_loss": 1.0835829167498225,
  "brier": 0,
  "ece": 0,
  "fold_std": 0,
  "draw_recall": 0,
  "n_matches": 0
}