{
  "version": "V7.0",
  "deployed_at": "2026-07-03T11:11:08.083488Z",
  "accuracy": 0.4539823008849558,
  "log_loss": 1.069478811278385,
  "brier": 0,
  "ece": 0.08144155701153225,
  "fold_std": 0.03655199367798828,
  "draw_recall": 0.19543973941368079,
  "n_matches": 1380
}