{
  "version": "V7.0",
  "deployed_at": "2026-07-03T12:50:32.286046Z",
  "accuracy": 0.4690265486725663,
  "log_loss": 1.0554862826475557,
  "brier": 0,
  "ece": 0.08465194141878044,
  "fold_std": 0.033698111087893404,
  "draw_recall": 0.04234527687296417,
  "n_matches": 1380
}