{
  "version": "V6.0",
  "deployed_at": "2026-07-01T16:23:42.860553Z",
  "accuracy": 0.46739130434782605,
  "log_loss": 1.0607468732725278,
  "brier": 0,
  "ece": 0,
  "fold_std": 0,
  "draw_recall": 0,
  "n_matches": 0
}