{
  "version": "V7.0",
  "deployed_at": "2026-07-02T16:51:17.222601Z",
  "accuracy": 0.4829192546583851,
  "log_loss": 1.052577101302794,
  "brier": 0,
  "ece": 0.0836263991645354,
  "fold_std": 0.015450115483022041,
  "draw_recall": 0.18,
  "n_matches": 992
}