{
  "version": "V7.0",
  "deployed_at": "2026-07-03T10:36:25.601219Z",
  "accuracy": 0.44601769911504424,
  "log_loss": 1.0667609343503892,
  "brier": 0,
  "ece": 0.08264412721960032,
  "fold_std": 0.030834073256963447,
  "draw_recall": 0.14006514657980457,
  "n_matches": 1380
}