{
  "version": "V7.0",
  "deployed_at": "2026-07-05T20:27:40.996145Z",
  "accuracy": 0.4663716814159292,
  "log_loss": 1.0724106372960955,
  "brier": 0,
  "ece": 0.09072226428548062,
  "fold_std": 0.055166185400030814,
  "draw_recall": 0.11726384364820847,
  "n_matches": 1380
}