{
  "version": "V7.0",
  "deployed_at": "2026-07-02T18:02:23.800730Z",
  "accuracy": 0.4549689440993789,
  "log_loss": 1.0712990228456403,
  "brier": 0,
  "ece": 0.08649334256230534,
  "fold_std": 0.01982475983665173,
  "draw_recall": 0.21,
  "n_matches": 992
}