{
  "version": "V6.0",
  "deployed_at": "2026-07-01T16:45:18.067107Z",
  "accuracy": 0.46739130434782605,
  "log_loss": 1.0695495524929197,
  "brier": 0,
  "ece": 0,
  "fold_std": 0,
  "draw_recall": 0,
  "n_matches": 0
}