{
  "version": "V7.0",
  "deployed_at": "2026-07-03T10:46:48.380363Z",
  "accuracy": 0.4663716814159292,
  "log_loss": 1.065673707427173,
  "brier": 0,
  "ece": 0.08161209724099955,
  "fold_std": 0.03341806652831717,
  "draw_recall": 0.10749185667752444,
  "n_matches": 1380
}